Workbook

Sheet AR Aging Dashboard
A1: ACCOUNTS RECEIVABLE (AR) AGING & GST FINANCIAL DASHBOARD
A2: Automated Multi-Currency Ledger, Tax Calculator, and 30/60/90 Day Aging Tracker | Author: Dev Sarma
A4: Total Outstanding AR | C4: =SUM('Master Ledger & GST Invoices'!H5:H14)
A6: Current / Not Overdue | C6: =SUMIF('Master Ledger & GST Invoices'!I5:I14, "Current", 'Master Ledger & GST Invoices'!H5:H14)
A8: 30–60 Days Overdue | C8: =SUMIF('Master Ledger & GST Invoices'!I5:I14, "30-60 Days", 'Master Ledger & GST Invoices'!H5:H14)
A10: AR Aging Bucket | B10: Invoice Count | C10: Total Amount (INR) | D10: % of Total Portfolio
A11: Current (0-30 Days) | B11: =COUNTIF('Master Ledger & GST Invoices'!I5:I14, "Current") | C11: =SUMIF('Master Ledger & GST Invoices'!I5:I14, "Current", 'Master Ledger & GST Invoices'!H5:H14) | D11: =C11/C14
A12: 30-60 Days Overdue | B12: =COUNTIF('Master Ledger & GST Invoices'!I5:I14, "30-60 Days") | C12: =SUMIF('Master Ledger & GST Invoices'!I5:I14, "30-60 Days", 'Master Ledger & GST Invoices'!H5:H14) | D12: =C12/C14
A13: 60+ Days Overdue | B13: =COUNTIF('Master Ledger & GST Invoices'!I5:I14, "60+ Days") | C13: =SUMIF('Master Ledger & GST Invoices'!I5:I14, "60+ Days", 'Master Ledger & GST Invoices'!H5:H14) | D13: =C13/C14
A14: Total Portfolio | B14: =SUM(B11:B13) | C14: =SUM(C11:C13) | D14: =SUM(D11:D13)

Sheet Master Ledger & GST Invoices
A1: MASTER INVOICE & ACCOUNTS RECEIVABLE LEDGER
A2: GST-compliant tax calculations, multi-currency conversion, and dynamic aging status formulas.
A4: Invoice ID | B4: Client Name | C4: State Code | D4: Currency | E4: Base Amount | F4: GST Rate | G4: GST Amount | H4: Total Due (INR) | I4: Aging Status | J4: Payment Status
A5: INV-2026-001 | B5: Apex Cloud Hosting Solutions | C5: 19-WB | D5: INR | E5: 45000 | F5: 0.18 | G5: =E5*F5 | H5: =E5+G5 | I5: Current | J5: Unpaid
A6: INV-2026-002 | B6: Vortex Media SaaS Ltd. | C6: 27-MH | D6: USD | E6: =1200*'Multi-Currency Tracker'!B3 | F6: 0.18 | G6: =E6*F6 | H6: =E6+G6 | I6: 30-60 Days | J6: Unpaid
A7: INV-2026-003 | B7: Kolkata Tech Hub | C7: 19-WB | D7: INR | E7: 18500 | F7: 0.18 | G7: =E7*F7 | H7: =E7+G7 | I7: Current | J7: Paid
A8: INV-2026-004 | B8: Nordic Server Cluster | C8: 07-DL | D8: EUR | E8: =950*'Multi-Currency Tracker'!B4 | F8: 0.18 | G8: =E8*F8 | H8: =E8+G8 | I8: 60+ Days | J8: Unpaid
A9: INV-2026-005 | B9: Bengal Web Solutions | C9: 19-WB | D9: INR | E9: 25000 | F9: 0.18 | G9: =E9*F9 | H9: =E9+G9 | I9: Current | J9: Unpaid
A10: INV-2026-006 | B10: Alpha Byte Technologies | C10: 29-KA | D10: INR | E10: 60000 | F10: 0.18 | G10: =E10*F10 | H10: =E10+G10 | I10: 30-60 Days | J10: Unpaid
A11: INV-2026-007 | B11: Delta Systems Corp | C11: 33-TN | D11: USD | E11: =2400*'Multi-Currency Tracker'!B3 | F11: 0.18 | G11: =E11*F11 | H11: =E11+G11 | I11: Current | J11: Paid
A12: INV-2026-008 | B12: Cyber Shield Networks | C12: 19-WB | D12: INR | E12: 32000 | F12: 0.18 | G12: =E12*F12 | H12: =E12+G12 | I12: 60+ Days | J12: Unpaid
A13: INV-2026-009 | B13: Orion Cloud Services | C13: 27-MH | D13: INR | E13: 50000 | F13: 0.18 | G13: =E13*F13 | H13: =E13+G13 | I13: Current | J13: Unpaid
A14: INV-2026-010 | B14: Zenith Digital Ops | C14: 07-DL | D14: EUR | E14: =1500*'Multi-Currency Tracker'!B4 | F14: 0.18 | G14: =E14*F14 | H14: =E14+G14 | I14: 30-60 Days | J14: Unpaid
A15: Total | H15: =SUM(H5:H14)

Sheet Multi-Currency Tracker
A1: MULTI-CURRENCY EXCHANGE RATE TRACKER
A2: Real-time conversion benchmarks for USD and EUR billing adjustments.
A4: Currency Code | B4: Exchange Rate to INR | C4: Last Updated | D4: Status
A5: USD | B5: 83.5 | C5: 2026-10-26 | D5: Active
A6: EUR | B6: 90.2 | C6: 2026-10-26 | D6: Active
A7: INR | B7: 1 | C7: 2026-10-26 | D7: Base Currency
